model,MAE,RMSE,R2,MDA
LSTM_GRU_PCA_GridSearch_RMSE_next_day_run48,0.011335300281643867,0.016718599160574575,-0.048256754875183105,0.5
