{
  "hidden_lstm": 256,
  "hidden_gru": 128,
  "dense1": 64,
  "dense2": 64,
  "dropout": 0.1906658806506207,
  "lr": 0.0016167514467820996,
  "weight_decay": 0.00025881207577999364,
  "batch_size": 64,
  "grad_clip": 1.0990114918918268
}